-- phpMyAdmin SQL Dump
-- version 5.2.1
-- https://www.phpmyadmin.net/
--
-- Gép: localhost
-- Létrehozás ideje: 2024. Nov 19. 22:17
-- Kiszolgáló verziója: 10.4.28-MariaDB
-- PHP verzió: 8.2.4

SET SQL_MODE = "NO_AUTO_VALUE_ON_ZERO";
START TRANSACTION;
SET time_zone = "+00:00";


/*!40101 SET @OLD_CHARACTER_SET_CLIENT=@@CHARACTER_SET_CLIENT */;
/*!40101 SET @OLD_CHARACTER_SET_RESULTS=@@CHARACTER_SET_RESULTS */;
/*!40101 SET @OLD_COLLATION_CONNECTION=@@COLLATION_CONNECTION */;
/*!40101 SET NAMES utf8mb4 */;

--
-- Adatbázis: `focimeccs`
--

-- --------------------------------------------------------

--
-- Tábla szerkezet ehhez a táblához `belepes`
--

CREATE TABLE `belepes` (
  `id` bigint(255) NOT NULL,
  `nezoid` int(11) NOT NULL,
  `meccsid` int(11) NOT NULL,
  `idopont` varchar(255) NOT NULL
) ENGINE=InnoDB DEFAULT CHARSET=utf8mb4 COLLATE=utf8mb4_general_ci;

--
-- TÁBLA KAPCSOLATAI `belepes`:
--   `nezoid`
--       `nezo` -> `id`
--   `meccsid`
--       `meccs` -> `id`
--

--
-- A tábla adatainak kiíratása `belepes`
--

INSERT INTO `belepes` (`id`, `nezoid`, `meccsid`, `idopont`) VALUES
(2, 1, 2, '15:05'),
(3, 1, 10, '15:03'),
(4, 1, 12, '13:03'),
(5, 1, 16, '15:45'),
(6, 1, 17, '13:22'),
(8, 2, 1, '14:30'),
(9, 2, 2, '15:12'),
(10, 2, 10, '15:59'),
(11, 2, 12, '13:02'),
(12, 2, 16, '15:41'),
(13, 2, 17, '13:00'),
(14, 2, 18, '16:11'),
(15, 2, 19, '15:15'),
(16, 3, 1, '14:32'),
(17, 3, 2, '14:31'),
(18, 3, 10, '15:10'),
(19, 3, 12, '13:46'),
(20, 3, 15, '14:29'),
(21, 3, 16, '15:30'),
(22, 3, 17, '13:50'),
(23, 3, 18, '16:19'),
(24, 3, 19, '15:28'),
(25, 4, 1, '14:02'),
(26, 4, 2, '15:08'),
(27, 4, 12, '13:26'),
(28, 4, 15, '14:02'),
(29, 4, 17, '13:32'),
(30, 4, 18, '16:32'),
(31, 4, 19, '14:48'),
(32, 5, 2, '15:52'),
(33, 5, 12, '13:51'),
(34, 5, 15, '14:20'),
(35, 5, 16, '15:31'),
(36, 5, 17, '14:24'),
(37, 5, 19, '14:42'),
(38, 6, 1, '14:47'),
(39, 6, 10, '15:12'),
(40, 6, 12, '13:20'),
(41, 6, 15, '14:41'),
(42, 6, 16, '15:56'),
(43, 6, 17, '13:15'),
(44, 6, 18, '16:02'),
(45, 7, 1, '14:43'),
(46, 7, 2, '15:07'),
(47, 7, 10, '14:44'),
(48, 7, 12, '13:41'),
(49, 7, 16, '16:03'),
(50, 7, 17, '13:22'),
(51, 7, 19, '15:22'),
(52, 8, 2, '15:54'),
(53, 8, 15, '14:54'),
(54, 8, 16, '15:15'),
(55, 8, 17, '13:39'),
(56, 9, 2, '15:11'),
(57, 9, 15, '14:25'),
(58, 9, 17, '13:41'),
(59, 10, 1, '14:34'),
(60, 10, 10, '14:40'),
(61, 10, 12, '13:25'),
(62, 10, 15, '14:49'),
(63, 10, 16, '15:26'),
(64, 10, 17, '13:12'),
(65, 10, 19, '15:03'),
(66, 11, 1, '14:41'),
(67, 11, 10, '15:16'),
(68, 11, 12, '13:20'),
(69, 11, 15, '14:20'),
(70, 11, 16, '15:57'),
(71, 11, 17, '13:03'),
(72, 11, 18, '16:14'),
(73, 11, 19, '15:32'),
(74, 12, 2, '14:37'),
(75, 12, 10, '15:18'),
(76, 12, 12, '13:18'),
(77, 12, 15, '14:47'),
(78, 12, 16, '15:11'),
(79, 12, 17, '13:26'),
(80, 12, 18, '16:39'),
(81, 12, 19, '15:05'),
(82, 13, 2, '14:45'),
(83, 13, 12, '13:39'),
(84, 13, 15, '14:09'),
(85, 13, 17, '13:43'),
(86, 13, 18, '16:30'),
(87, 13, 19, '14:35'),
(88, 14, 2, '14:39'),
(89, 14, 10, '14:38'),
(90, 14, 12, '13:47'),
(91, 14, 15, '15:23'),
(92, 14, 16, '15:16'),
(93, 14, 17, '13:47'),
(94, 14, 19, '15:26'),
(95, 15, 2, '15:08'),
(96, 15, 16, '15:47'),
(97, 15, 18, '16:51'),
(98, 15, 19, '14:54'),
(99, 16, 1, '15:11'),
(100, 16, 2, '14:55'),
(101, 16, 10, '15:13'),
(102, 16, 12, '13:06'),
(103, 16, 15, '15:25'),
(104, 16, 16, '15:13'),
(105, 16, 17, '13:09'),
(106, 16, 18, '16:02'),
(107, 16, 19, '15:13'),
(108, 17, 1, '14:28'),
(109, 17, 2, '15:07'),
(110, 17, 12, '14:11'),
(111, 17, 15, '14:58'),
(112, 17, 17, '13:30'),
(113, 17, 18, '17:05'),
(114, 18, 1, '14:29'),
(115, 18, 2, '14:49'),
(116, 18, 10, '14:52'),
(117, 18, 12, '13:48'),
(118, 18, 16, '15:23'),
(119, 18, 17, '13:36'),
(120, 18, 18, '16:52'),
(121, 19, 2, '14:39'),
(122, 19, 10, '14:47'),
(123, 19, 12, '13:03'),
(124, 19, 15, '14:05'),
(125, 19, 16, '15:32'),
(126, 19, 17, '13:00'),
(127, 19, 18, '16:42'),
(128, 19, 19, '14:36'),
(129, 20, 1, '14:10'),
(130, 20, 10, '14:46'),
(131, 20, 15, '14:43'),
(132, 20, 17, '13:13'),
(133, 20, 18, '16:31'),
(134, 20, 19, '15:44'),
(135, 21, 1, '14:14'),
(136, 21, 2, '14:34'),
(137, 21, 10, '14:56'),
(138, 21, 12, '13:41'),
(139, 21, 15, '14:57'),
(140, 21, 16, '15:32'),
(141, 21, 17, '13:05'),
(142, 21, 18, '16:49'),
(143, 21, 19, '14:32'),
(144, 22, 1, '14:59'),
(145, 22, 2, '15:19'),
(146, 22, 10, '15:08'),
(147, 22, 12, '13:20'),
(148, 22, 15, '14:20'),
(149, 22, 16, '15:31'),
(150, 22, 19, '15:47'),
(151, 23, 2, '15:09'),
(152, 23, 10, '14:39'),
(153, 23, 15, '14:59'),
(154, 23, 16, '15:47'),
(155, 23, 17, '13:22'),
(156, 23, 19, '15:25'),
(157, 24, 1, '14:38'),
(158, 24, 10, '15:49'),
(159, 24, 12, '13:20'),
(160, 24, 18, '16:41'),
(161, 25, 12, '13:08'),
(162, 25, 15, '15:13'),
(163, 25, 16, '15:14'),
(164, 25, 17, '13:38'),
(165, 25, 18, '16:14'),
(166, 26, 1, '14:40'),
(167, 26, 2, '14:31'),
(168, 26, 10, '15:02'),
(169, 26, 17, '13:54'),
(170, 26, 18, '16:36'),
(171, 26, 19, '14:37'),
(172, 27, 2, '15:52'),
(173, 27, 12, '13:24'),
(174, 27, 16, '16:01'),
(175, 27, 18, '16:02'),
(176, 27, 19, '15:49'),
(177, 28, 1, '14:19'),
(178, 28, 2, '14:37'),
(179, 28, 10, '14:57'),
(180, 28, 15, '14:45'),
(181, 28, 18, '16:26'),
(182, 28, 19, '14:42'),
(183, 29, 1, '15:02'),
(184, 29, 2, '15:16'),
(185, 29, 10, '14:45'),
(186, 29, 12, '13:56'),
(187, 29, 15, '14:16'),
(188, 29, 16, '15:27'),
(189, 29, 17, '13:20'),
(190, 29, 18, '16:06'),
(191, 29, 19, '15:10'),
(192, 30, 1, '14:27'),
(193, 30, 2, '14:52'),
(194, 30, 10, '15:04'),
(195, 30, 12, '14:25'),
(196, 30, 15, '14:35'),
(197, 30, 17, '13:36'),
(198, 30, 18, '16:12'),
(199, 30, 19, '15:21'),
(200, 31, 10, '15:16'),
(201, 31, 12, '13:16'),
(202, 31, 15, '14:21'),
(203, 31, 16, '15:18'),
(204, 31, 17, '13:21'),
(205, 31, 18, '16:41'),
(206, 31, 19, '15:03'),
(207, 32, 1, '14:40'),
(208, 32, 2, '15:14'),
(209, 32, 10, '15:22'),
(210, 32, 12, '13:05'),
(211, 32, 16, '15:53'),
(212, 32, 17, '13:35'),
(213, 32, 19, '15:09'),
(214, 33, 1, '14:12'),
(215, 33, 10, '15:14'),
(216, 33, 12, '13:18'),
(217, 33, 15, '14:19'),
(218, 33, 16, '15:27'),
(219, 33, 17, '14:01'),
(220, 34, 1, '14:51'),
(221, 34, 2, '14:37'),
(222, 34, 10, '15:30'),
(223, 34, 17, '13:40'),
(224, 34, 19, '14:34'),
(225, 35, 10, '15:30'),
(226, 35, 12, '13:37'),
(227, 35, 15, '14:53'),
(228, 35, 16, '15:36'),
(229, 35, 19, '15:01'),
(230, 36, 1, '15:22'),
(231, 36, 2, '14:36'),
(232, 36, 10, '15:06'),
(233, 36, 16, '15:33'),
(234, 36, 17, '13:08'),
(235, 36, 18, '16:06'),
(236, 36, 19, '14:57'),
(237, 37, 1, '14:01'),
(238, 37, 2, '15:19'),
(239, 37, 10, '14:38'),
(240, 37, 12, '13:07'),
(241, 37, 15, '14:50'),
(242, 37, 16, '15:48'),
(243, 37, 18, '16:44'),
(244, 37, 19, '14:51'),
(245, 38, 1, '14:04'),
(246, 38, 2, '14:41'),
(247, 38, 10, '14:57'),
(248, 38, 12, '13:58'),
(249, 38, 16, '15:08'),
(250, 38, 17, '13:34'),
(251, 38, 18, '16:39'),
(252, 39, 1, '14:28'),
(253, 39, 2, '14:37'),
(254, 39, 10, '15:11'),
(255, 39, 15, '14:09'),
(256, 39, 17, '13:22'),
(257, 39, 18, '16:13'),
(258, 39, 19, '14:30'),
(259, 40, 2, '14:50'),
(260, 40, 15, '14:40'),
(261, 40, 17, '13:31'),
(262, 40, 18, '16:21'),
(263, 41, 2, '15:28'),
(264, 41, 12, '13:43'),
(265, 41, 15, '14:23'),
(266, 41, 17, '14:08'),
(267, 41, 18, '16:51'),
(268, 41, 19, '14:38'),
(269, 42, 1, '14:59'),
(270, 42, 2, '15:32'),
(271, 42, 10, '15:20'),
(272, 42, 12, '13:55'),
(273, 42, 15, '14:19'),
(274, 42, 16, '15:13'),
(275, 42, 17, '13:13'),
(276, 42, 18, '16:36'),
(277, 42, 19, '14:33'),
(278, 43, 2, '15:20'),
(279, 43, 12, '13:27'),
(280, 43, 15, '14:19'),
(281, 43, 17, '14:14'),
(282, 44, 1, '14:58'),
(283, 44, 2, '14:32'),
(284, 44, 10, '14:59'),
(285, 44, 12, '13:43'),
(286, 44, 15, '14:06'),
(287, 44, 16, '15:28'),
(288, 44, 17, '13:50'),
(289, 44, 18, '16:04'),
(290, 45, 1, '14:45'),
(291, 45, 10, '15:16'),
(292, 45, 12, '13:01'),
(293, 45, 15, '15:00'),
(294, 45, 17, '14:02'),
(295, 45, 18, '16:34'),
(296, 45, 19, '14:56'),
(297, 46, 10, '15:04'),
(298, 46, 15, '14:47'),
(299, 46, 16, '15:22'),
(300, 46, 17, '13:38'),
(301, 46, 19, '15:04'),
(302, 47, 1, '14:46'),
(303, 47, 2, '14:31'),
(304, 47, 12, '14:00'),
(305, 47, 16, '15:32'),
(306, 47, 18, '16:42'),
(307, 47, 19, '15:56'),
(308, 48, 10, '14:40'),
(309, 48, 12, '13:41'),
(310, 48, 15, '14:18'),
(311, 48, 18, '16:21'),
(312, 48, 19, '14:38'),
(313, 49, 2, '15:17'),
(314, 49, 10, '14:33'),
(315, 49, 12, '13:15'),
(316, 49, 15, '14:36'),
(317, 49, 17, '13:57'),
(318, 50, 1, '14:45'),
(319, 50, 2, '14:40'),
(320, 50, 10, '14:56'),
(321, 50, 12, '13:01'),
(322, 50, 16, '15:03'),
(323, 50, 18, '16:56'),
(324, 51, 1, '15:08'),
(325, 51, 2, '15:01'),
(326, 51, 19, '15:20'),
(327, 52, 10, '15:12'),
(328, 52, 12, '13:10'),
(329, 52, 16, '16:27'),
(330, 52, 17, '13:12'),
(331, 52, 18, '16:53'),
(332, 52, 19, '15:06'),
(333, 53, 1, '14:16'),
(334, 53, 2, '14:38'),
(335, 53, 10, '15:07'),
(336, 53, 16, '15:03'),
(337, 53, 17, '13:56'),
(338, 54, 1, '14:16'),
(339, 54, 2, '14:48'),
(340, 54, 10, '14:32'),
(341, 54, 12, '13:05'),
(342, 54, 15, '14:30'),
(343, 54, 16, '15:25'),
(344, 54, 17, '13:23'),
(345, 54, 19, '15:16'),
(346, 55, 1, '14:05'),
(347, 55, 2, '15:21'),
(348, 55, 10, '15:34'),
(349, 55, 12, '14:03'),
(350, 55, 15, '14:20'),
(351, 55, 16, '15:59'),
(352, 55, 17, '13:33'),
(353, 55, 18, '16:49'),
(354, 55, 19, '14:34'),
(355, 56, 1, '14:56'),
(356, 56, 10, '15:28'),
(357, 56, 12, '14:09'),
(358, 56, 15, '14:05'),
(359, 56, 16, '15:37'),
(360, 56, 17, '14:19'),
(361, 56, 18, '16:25'),
(362, 56, 19, '14:47'),
(363, 57, 12, '13:39'),
(364, 57, 15, '14:22'),
(365, 57, 16, '15:03'),
(366, 57, 17, '13:54'),
(367, 57, 18, '16:02'),
(368, 58, 1, '14:22'),
(369, 58, 2, '15:51'),
(370, 58, 10, '15:05'),
(371, 58, 15, '14:20'),
(372, 58, 16, '15:05'),
(373, 58, 19, '14:50'),
(374, 59, 1, '14:26'),
(375, 59, 10, '14:58'),
(376, 59, 12, '13:13'),
(377, 59, 15, '14:07'),
(378, 59, 16, '15:46'),
(379, 59, 19, '15:06'),
(380, 60, 1, '14:26'),
(381, 60, 10, '15:23'),
(382, 60, 12, '13:27'),
(383, 60, 15, '14:22'),
(384, 60, 16, '15:04'),
(385, 60, 17, '13:03'),
(386, 60, 18, '17:23'),
(387, 60, 19, '15:14'),
(388, 61, 1, '14:10'),
(389, 61, 2, '15:28'),
(390, 61, 10, '14:48'),
(391, 61, 16, '15:20'),
(392, 61, 17, '13:01'),
(393, 61, 18, '16:24'),
(394, 61, 19, '15:42'),
(395, 62, 1, '14:26'),
(396, 62, 10, '15:36'),
(397, 62, 12, '13:04'),
(398, 62, 15, '14:40'),
(399, 62, 16, '15:04'),
(400, 63, 1, '14:52'),
(401, 63, 10, '15:18'),
(402, 63, 17, '13:20'),
(403, 64, 1, '14:05'),
(404, 64, 2, '15:29'),
(405, 64, 10, '15:05'),
(406, 64, 12, '13:50'),
(407, 64, 15, '14:53'),
(408, 64, 16, '15:53'),
(409, 64, 17, '13:35'),
(410, 64, 18, '16:23'),
(411, 65, 1, '14:54'),
(412, 65, 2, '15:15'),
(413, 65, 12, '13:15'),
(414, 65, 17, '13:44'),
(415, 65, 18, '16:14'),
(416, 65, 19, '15:26'),
(417, 66, 1, '14:42'),
(418, 67, 1, '14:31'),
(419, 67, 15, '14:00'),
(420, 67, 16, '15:44'),
(421, 67, 17, '14:26'),
(422, 67, 18, '16:44'),
(423, 67, 19, '15:14'),
(424, 68, 1, '15:05'),
(425, 68, 2, '15:00'),
(426, 68, 10, '14:45'),
(427, 68, 12, '13:31'),
(428, 68, 15, '14:06'),
(429, 68, 16, '15:10'),
(430, 68, 17, '14:02'),
(431, 68, 18, '17:09'),
(432, 68, 19, '15:55'),
(433, 69, 1, '14:57'),
(434, 69, 2, '14:35'),
(435, 69, 10, '14:54'),
(436, 69, 12, '13:35'),
(437, 69, 15, '14:28'),
(438, 69, 16, '15:11'),
(439, 69, 17, '13:40'),
(440, 69, 18, '16:04'),
(441, 70, 1, '14:57'),
(442, 70, 2, '15:25'),
(443, 70, 10, '14:38'),
(444, 70, 16, '15:58'),
(445, 70, 17, '13:13'),
(446, 70, 19, '14:55'),
(447, 71, 1, '14:42'),
(448, 71, 10, '15:08'),
(449, 71, 12, '13:21'),
(450, 71, 15, '14:33'),
(451, 71, 16, '15:36'),
(452, 71, 18, '16:29'),
(453, 72, 2, '14:35'),
(454, 72, 10, '14:52'),
(455, 72, 15, '14:23'),
(456, 72, 17, '13:09'),
(457, 72, 18, '17:10'),
(458, 72, 19, '14:36'),
(459, 73, 2, '15:10'),
(460, 73, 10, '15:16'),
(461, 73, 12, '13:51'),
(462, 73, 17, '13:55'),
(463, 73, 18, '17:00'),
(464, 73, 19, '15:05'),
(465, 74, 1, '14:04'),
(466, 74, 10, '15:14'),
(467, 74, 16, '15:54'),
(468, 74, 17, '13:05'),
(469, 75, 10, '15:26'),
(470, 75, 15, '14:29'),
(471, 75, 17, '13:57'),
(472, 75, 18, '16:45'),
(473, 75, 19, '15:43'),
(474, 76, 12, '13:30'),
(475, 76, 15, '15:00'),
(476, 76, 16, '15:25'),
(477, 76, 17, '13:23'),
(478, 76, 18, '17:15'),
(479, 76, 19, '15:14'),
(480, 77, 1, '14:47'),
(481, 77, 10, '14:58'),
(482, 77, 12, '13:12'),
(483, 77, 16, '15:42'),
(484, 77, 18, '16:29'),
(485, 77, 19, '14:44'),
(486, 78, 1, '14:48'),
(487, 78, 2, '15:11'),
(488, 78, 12, '13:08'),
(489, 78, 15, '14:41'),
(490, 78, 17, '13:38'),
(491, 78, 19, '15:13'),
(492, 79, 1, '15:26'),
(493, 79, 10, '15:33'),
(494, 79, 12, '14:19'),
(495, 79, 15, '14:29'),
(496, 79, 16, '15:35'),
(497, 79, 18, '17:23'),
(498, 80, 2, '14:54'),
(499, 80, 12, '13:14'),
(500, 80, 15, '14:39'),
(501, 80, 16, '15:58'),
(502, 80, 17, '13:04'),
(503, 80, 18, '16:19'),
(504, 80, 19, '14:54'),
(505, 81, 1, '14:53'),
(506, 81, 2, '14:34'),
(507, 81, 10, '15:21'),
(508, 81, 12, '13:11'),
(509, 81, 15, '14:42'),
(510, 81, 16, '15:12'),
(511, 81, 17, '13:06'),
(512, 81, 18, '16:05'),
(513, 81, 19, '14:34'),
(514, 82, 2, '14:45'),
(515, 82, 16, '15:50'),
(516, 82, 17, '13:33'),
(517, 82, 19, '15:29'),
(518, 83, 1, '14:57'),
(519, 83, 2, '15:10'),
(520, 83, 10, '15:26'),
(521, 83, 12, '14:06'),
(522, 83, 16, '15:44'),
(523, 83, 17, '13:24'),
(524, 83, 18, '16:17'),
(525, 84, 1, '14:29'),
(526, 84, 2, '15:31'),
(527, 84, 10, '15:21'),
(528, 84, 15, '14:06'),
(529, 84, 16, '15:11'),
(530, 84, 17, '13:16'),
(531, 84, 18, '16:18'),
(532, 84, 19, '15:37'),
(533, 85, 2, '15:03'),
(534, 85, 12, '13:02'),
(535, 85, 15, '14:56'),
(536, 85, 16, '15:15'),
(537, 85, 17, '13:01'),
(538, 85, 19, '14:35'),
(539, 86, 2, '15:29'),
(540, 86, 10, '14:54'),
(541, 86, 12, '13:43'),
(542, 86, 15, '14:20'),
(543, 86, 16, '15:00'),
(544, 86, 17, '13:55'),
(545, 86, 18, '16:46'),
(546, 87, 1, '14:23'),
(547, 87, 16, '15:44'),
(548, 87, 17, '13:15'),
(549, 87, 18, '16:38'),
(550, 87, 19, '15:20'),
(551, 88, 10, '15:20'),
(552, 88, 12, '14:18'),
(553, 88, 15, '14:44'),
(554, 88, 17, '13:45'),
(555, 88, 18, '17:03'),
(556, 89, 1, '14:54'),
(557, 89, 2, '14:47'),
(558, 89, 16, '15:29'),
(559, 89, 18, '16:36'),
(560, 90, 2, '15:28'),
(561, 90, 12, '13:23'),
(562, 90, 15, '14:13'),
(563, 90, 16, '15:16'),
(564, 90, 17, '14:21'),
(565, 90, 18, '16:14'),
(566, 90, 19, '14:47'),
(567, 91, 1, '14:19'),
(568, 91, 2, '15:28'),
(569, 91, 12, '13:06'),
(570, 91, 15, '14:59'),
(571, 91, 16, '15:13'),
(572, 91, 17, '13:49'),
(573, 91, 18, '16:16'),
(574, 92, 2, '15:20'),
(575, 92, 10, '14:43'),
(576, 92, 15, '14:41'),
(577, 93, 2, '14:46'),
(578, 93, 10, '14:51'),
(579, 93, 15, '14:47'),
(580, 93, 16, '15:02'),
(581, 93, 17, '13:22'),
(582, 93, 18, '16:01'),
(583, 93, 19, '15:25'),
(584, 94, 1, '15:29'),
(585, 94, 2, '15:03'),
(586, 94, 10, '15:08'),
(587, 94, 12, '13:31'),
(588, 94, 15, '14:36'),
(589, 94, 16, '15:33'),
(590, 94, 17, '13:40'),
(591, 94, 18, '16:58'),
(592, 94, 19, '15:13'),
(593, 95, 1, '14:47'),
(594, 95, 2, '14:36'),
(595, 95, 12, '13:12'),
(596, 95, 15, '14:33'),
(597, 95, 16, '15:07'),
(598, 95, 18, '16:17'),
(599, 95, 19, '14:34'),
(600, 96, 1, '14:30'),
(601, 96, 10, '15:01'),
(602, 96, 12, '13:13'),
(603, 96, 15, '15:14'),
(604, 96, 16, '15:08'),
(605, 96, 17, '13:12'),
(606, 96, 18, '16:59'),
(607, 96, 19, '14:58'),
(608, 97, 1, '14:32'),
(609, 97, 2, '14:49'),
(610, 97, 12, '13:12'),
(611, 97, 16, '15:26'),
(612, 97, 17, '13:21'),
(613, 97, 18, '16:16'),
(614, 97, 19, '15:20'),
(615, 98, 2, '14:49'),
(616, 98, 16, '15:28'),
(617, 99, 1, '14:19'),
(618, 99, 2, '14:38'),
(619, 99, 12, '13:46'),
(620, 99, 15, '14:28'),
(621, 99, 16, '15:18'),
(622, 99, 17, '13:52'),
(623, 99, 19, '15:12'),
(624, 100, 12, '13:59'),
(625, 100, 15, '14:58'),
(626, 100, 16, '15:41'),
(627, 100, 18, '16:38'),
(628, 100, 19, '14:37'),
(629, 101, 1, '14:55'),
(630, 101, 2, '15:19'),
(631, 101, 10, '15:06'),
(632, 101, 15, '14:20'),
(633, 101, 16, '15:21'),
(634, 101, 18, '16:21'),
(635, 101, 19, '15:09'),
(636, 102, 1, '14:24'),
(637, 102, 2, '15:30'),
(638, 102, 12, '13:55'),
(639, 102, 15, '14:28'),
(640, 102, 16, '15:23'),
(641, 102, 18, '16:13'),
(642, 103, 1, '14:44'),
(643, 103, 10, '15:10'),
(644, 103, 12, '13:29'),
(645, 103, 17, '13:23'),
(646, 104, 10, '15:08'),
(647, 104, 12, '13:39'),
(648, 104, 15, '14:56'),
(649, 104, 16, '15:18'),
(650, 104, 17, '13:35'),
(651, 104, 18, '16:19'),
(652, 104, 19, '14:32'),
(653, 105, 1, '14:08'),
(654, 105, 2, '14:36'),
(655, 105, 12, '13:00'),
(656, 105, 16, '15:59'),
(657, 105, 17, '14:16'),
(658, 105, 18, '16:01'),
(659, 106, 2, '14:39'),
(660, 106, 12, '13:27'),
(661, 106, 15, '14:44'),
(662, 106, 16, '15:30'),
(663, 106, 18, '16:29'),
(664, 107, 1, '14:50'),
(665, 107, 2, '14:56'),
(666, 107, 10, '15:28'),
(667, 107, 12, '14:23'),
(668, 107, 15, '14:02'),
(669, 107, 16, '15:48'),
(670, 107, 17, '13:12'),
(671, 107, 18, '16:12'),
(672, 107, 19, '15:55'),
(673, 108, 2, '15:14'),
(674, 108, 10, '15:06'),
(675, 108, 12, '13:16'),
(676, 108, 15, '15:00'),
(677, 108, 16, '15:46'),
(678, 108, 17, '13:37'),
(679, 108, 19, '15:09'),
(680, 109, 2, '14:49'),
(681, 109, 10, '15:47'),
(682, 109, 15, '14:55'),
(683, 109, 16, '15:06'),
(684, 109, 17, '13:36'),
(685, 109, 18, '16:41'),
(686, 110, 1, '14:58'),
(687, 110, 2, '14:32'),
(688, 110, 10, '14:40'),
(689, 110, 15, '15:19'),
(690, 111, 2, '15:17'),
(691, 111, 16, '15:09'),
(692, 111, 17, '13:39'),
(693, 111, 18, '16:53'),
(694, 111, 19, '15:23'),
(695, 112, 2, '14:46'),
(696, 112, 10, '14:59'),
(697, 112, 12, '13:18'),
(698, 112, 15, '15:13'),
(699, 112, 16, '16:22'),
(700, 112, 17, '13:14'),
(701, 112, 18, '16:26'),
(702, 112, 19, '15:15'),
(703, 113, 1, '15:22'),
(704, 113, 2, '15:11'),
(705, 113, 15, '14:42'),
(706, 113, 16, '15:44'),
(707, 113, 17, '13:41'),
(708, 113, 18, '16:36'),
(709, 113, 19, '15:32'),
(710, 114, 2, '15:25'),
(711, 114, 12, '13:09'),
(712, 114, 15, '14:43'),
(713, 114, 17, '13:27'),
(714, 114, 18, '16:39'),
(715, 115, 12, '14:05'),
(716, 115, 16, '15:46'),
(717, 115, 17, '13:29'),
(718, 115, 18, '16:18'),
(719, 115, 19, '15:15'),
(720, 116, 2, '14:54'),
(721, 116, 10, '14:51'),
(722, 116, 16, '15:59'),
(723, 116, 17, '14:24'),
(724, 116, 18, '16:06'),
(725, 116, 19, '14:37'),
(726, 117, 2, '15:24'),
(727, 117, 12, '13:11'),
(728, 117, 16, '15:49'),
(729, 117, 17, '14:21'),
(730, 118, 1, '14:43'),
(731, 118, 10, '14:31'),
(732, 118, 12, '13:23'),
(733, 118, 15, '14:01'),
(734, 118, 16, '15:07'),
(735, 118, 18, '16:27'),
(736, 119, 10, '15:10'),
(737, 119, 12, '13:45'),
(738, 119, 16, '15:04'),
(739, 119, 18, '16:51'),
(740, 119, 19, '14:36'),
(741, 120, 1, '14:54'),
(742, 120, 2, '14:50'),
(743, 120, 10, '15:26'),
(744, 120, 12, '13:55'),
(745, 120, 15, '15:03'),
(746, 120, 16, '15:35'),
(747, 120, 17, '13:03'),
(748, 120, 18, '16:39'),
(749, 120, 19, '14:39'),
(750, 121, 1, '15:28'),
(751, 121, 2, '15:12'),
(752, 121, 12, '13:16'),
(753, 121, 15, '15:16'),
(754, 121, 16, '16:07'),
(755, 121, 17, '13:37'),
(756, 122, 1, '14:08'),
(757, 122, 10, '15:17'),
(758, 122, 12, '13:50'),
(759, 122, 15, '14:27'),
(760, 122, 16, '16:26'),
(761, 122, 17, '13:18'),
(762, 122, 18, '16:10'),
(763, 123, 10, '14:32'),
(764, 123, 16, '15:09'),
(765, 123, 17, '13:16'),
(766, 123, 18, '16:54'),
(767, 123, 19, '15:35'),
(768, 124, 1, '14:36'),
(769, 124, 2, '15:18'),
(770, 124, 10, '15:14'),
(771, 124, 15, '14:48'),
(772, 124, 17, '13:01'),
(773, 124, 18, '16:42'),
(774, 124, 19, '14:32'),
(775, 125, 1, '14:09'),
(776, 125, 2, '15:19'),
(777, 125, 10, '15:05'),
(778, 125, 12, '13:03'),
(779, 125, 16, '15:37'),
(780, 125, 17, '13:48'),
(781, 125, 18, '16:36'),
(782, 126, 1, '14:32'),
(783, 126, 2, '14:43'),
(784, 126, 10, '15:16'),
(785, 126, 12, '13:55'),
(786, 126, 15, '14:20'),
(787, 126, 16, '15:39'),
(788, 126, 17, '13:50'),
(789, 126, 18, '16:52'),
(790, 127, 1, '15:06'),
(791, 127, 10, '15:08'),
(792, 127, 12, '13:32'),
(793, 127, 15, '14:42'),
(794, 127, 16, '15:09'),
(795, 127, 17, '13:21'),
(796, 127, 18, '16:23'),
(797, 128, 1, '14:51'),
(798, 128, 2, '14:54'),
(799, 128, 10, '15:14'),
(800, 128, 12, '13:27'),
(801, 128, 18, '16:52'),
(802, 129, 1, '14:51'),
(803, 129, 2, '15:19'),
(804, 129, 12, '13:52'),
(805, 129, 15, '14:33'),
(806, 129, 16, '15:11'),
(807, 129, 17, '13:18'),
(808, 129, 18, '16:57'),
(809, 130, 2, '15:01'),
(810, 130, 10, '15:38'),
(811, 130, 17, '13:46'),
(812, 131, 2, '15:08'),
(813, 131, 15, '15:04'),
(814, 131, 16, '15:26'),
(815, 131, 17, '13:15'),
(816, 131, 18, '16:49'),
(817, 131, 19, '14:39'),
(818, 132, 10, '14:41'),
(819, 132, 15, '14:19'),
(820, 132, 18, '16:19'),
(821, 132, 19, '14:39'),
(822, 133, 1, '15:27'),
(823, 133, 2, '14:55'),
(824, 133, 10, '14:30'),
(825, 133, 12, '13:48'),
(826, 133, 15, '14:59'),
(827, 133, 16, '15:43'),
(828, 133, 17, '13:51'),
(829, 133, 18, '16:49'),
(830, 133, 19, '15:12'),
(831, 134, 1, '14:32'),
(832, 134, 2, '15:20'),
(833, 134, 10, '14:52'),
(834, 134, 12, '13:20'),
(835, 134, 15, '14:30'),
(836, 134, 16, '15:55'),
(837, 134, 17, '13:58'),
(838, 134, 19, '14:58'),
(839, 135, 1, '14:47'),
(840, 135, 10, '14:39'),
(841, 135, 12, '13:13'),
(842, 135, 16, '15:06'),
(843, 135, 17, '13:02'),
(844, 135, 19, '14:51'),
(845, 136, 1, '14:10'),
(846, 136, 2, '14:45'),
(847, 136, 12, '13:33'),
(848, 136, 15, '14:35'),
(849, 136, 16, '15:12'),
(850, 136, 17, '13:51'),
(851, 136, 18, '17:04'),
(852, 136, 19, '15:18'),
(853, 137, 1, '14:41'),
(854, 137, 2, '14:45'),
(855, 137, 10, '15:18'),
(856, 137, 12, '13:00'),
(857, 137, 15, '14:47'),
(858, 137, 16, '15:03'),
(859, 137, 17, '13:07'),
(860, 137, 18, '16:31'),
(861, 137, 19, '15:17'),
(862, 138, 1, '14:04'),
(863, 138, 2, '15:35'),
(864, 138, 10, '15:04'),
(865, 138, 12, '13:34'),
(866, 138, 17, '14:10'),
(867, 138, 19, '14:42'),
(868, 139, 2, '15:45'),
(869, 139, 10, '15:16'),
(870, 139, 12, '13:33'),
(871, 139, 15, '14:57'),
(872, 139, 16, '15:25'),
(873, 139, 17, '13:35'),
(874, 139, 18, '16:35'),
(875, 139, 19, '14:41'),
(876, 140, 1, '14:29'),
(877, 140, 2, '15:10'),
(878, 140, 12, '13:44'),
(879, 140, 15, '14:21'),
(880, 140, 16, '16:24'),
(881, 140, 18, '16:47'),
(882, 140, 19, '15:54'),
(883, 141, 15, '14:42'),
(884, 141, 16, '15:29'),
(885, 141, 18, '16:39'),
(886, 142, 1, '14:32'),
(887, 142, 2, '14:58'),
(888, 142, 15, '14:18'),
(889, 142, 16, '15:13'),
(890, 142, 17, '13:39'),
(891, 142, 18, '16:40'),
(892, 143, 1, '14:07'),
(893, 143, 2, '14:49'),
(894, 143, 17, '13:44'),
(895, 143, 19, '14:36'),
(896, 144, 1, '14:47'),
(897, 144, 2, '15:07'),
(898, 144, 12, '13:48'),
(899, 144, 15, '14:52'),
(900, 144, 16, '15:23'),
(901, 144, 17, '13:30'),
(902, 144, 19, '15:08'),
(903, 145, 1, '14:48'),
(904, 145, 2, '15:28'),
(905, 145, 12, '13:21'),
(906, 145, 15, '15:18'),
(907, 145, 18, '16:45'),
(908, 146, 1, '14:01'),
(909, 146, 2, '14:58'),
(910, 146, 10, '14:46'),
(911, 146, 12, '13:56'),
(912, 146, 15, '14:29'),
(913, 146, 16, '15:07'),
(914, 146, 17, '13:35'),
(915, 146, 18, '16:20'),
(916, 146, 19, '14:31'),
(917, 147, 1, '14:36'),
(918, 147, 10, '14:35'),
(919, 147, 12, '13:32'),
(920, 147, 15, '15:17'),
(921, 147, 16, '16:03'),
(922, 147, 18, '16:13'),
(923, 147, 19, '14:54'),
(924, 148, 2, '15:06'),
(925, 148, 10, '14:53'),
(926, 148, 12, '13:26'),
(927, 148, 15, '14:29'),
(928, 148, 17, '13:37'),
(929, 148, 18, '17:17'),
(930, 148, 19, '15:08'),
(931, 149, 1, '14:34'),
(932, 149, 2, '14:42'),
(933, 149, 10, '15:34'),
(934, 149, 12, '13:48'),
(935, 149, 15, '14:24'),
(936, 149, 18, '16:27'),
(937, 149, 19, '15:28'),
(938, 150, 10, '14:50'),
(939, 150, 12, '13:26'),
(940, 150, 15, '14:48'),
(941, 150, 16, '15:07'),
(942, 150, 17, '13:02'),
(943, 150, 18, '17:18'),
(944, 151, 2, '15:15'),
(945, 151, 10, '15:29'),
(946, 151, 16, '15:25'),
(947, 151, 17, '13:21'),
(948, 151, 19, '14:41'),
(949, 152, 1, '14:42'),
(950, 152, 2, '14:40'),
(951, 152, 10, '15:29'),
(952, 152, 12, '13:15'),
(953, 152, 15, '14:10'),
(954, 152, 16, '15:13'),
(955, 152, 17, '13:23'),
(956, 152, 18, '17:19'),
(957, 153, 1, '14:15'),
(958, 153, 12, '13:48'),
(959, 153, 15, '14:43'),
(960, 153, 16, '15:19'),
(961, 153, 17, '13:15'),
(962, 154, 2, '14:45'),
(963, 154, 10, '15:27'),
(964, 154, 12, '13:32'),
(965, 154, 15, '14:40'),
(966, 154, 16, '15:52'),
(967, 154, 18, '16:06'),
(968, 154, 19, '14:58'),
(969, 155, 1, '14:04'),
(970, 155, 10, '15:05'),
(971, 155, 12, '13:58'),
(972, 155, 19, '15:20'),
(973, 156, 1, '15:07'),
(974, 156, 10, '14:36'),
(975, 156, 12, '13:06'),
(976, 156, 15, '14:49'),
(977, 156, 16, '15:59'),
(978, 156, 17, '13:48'),
(979, 156, 18, '16:18'),
(980, 156, 19, '15:13'),
(981, 157, 1, '14:41'),
(982, 157, 10, '15:14'),
(983, 157, 12, '14:18'),
(984, 157, 15, '14:52'),
(985, 157, 16, '16:15'),
(986, 158, 1, '14:18'),
(987, 158, 10, '14:55'),
(988, 158, 16, '15:12'),
(989, 158, 18, '16:44'),
(990, 159, 1, '14:54'),
(991, 159, 2, '15:21'),
(992, 159, 10, '15:37'),
(993, 159, 12, '13:35'),
(994, 159, 15, '14:04'),
(995, 159, 16, '15:03'),
(996, 159, 17, '13:15'),
(997, 159, 18, '16:46'),
(998, 159, 19, '14:53'),
(999, 160, 2, '15:11'),
(1000, 160, 15, '14:21'),
(1001, 160, 16, '15:53'),
(1002, 160, 17, '13:27'),
(1003, 160, 18, '16:21'),
(1004, 161, 1, '14:29'),
(1005, 161, 2, '14:33'),
(1006, 161, 10, '15:02'),
(1007, 161, 12, '13:06'),
(1008, 161, 15, '14:11'),
(1009, 161, 17, '13:21'),
(1010, 161, 19, '15:02'),
(1011, 162, 1, '14:32'),
(1012, 162, 10, '14:31'),
(1013, 162, 12, '13:20'),
(1014, 162, 17, '13:50'),
(1015, 162, 18, '16:17'),
(1016, 163, 2, '14:51'),
(1017, 163, 12, '13:05'),
(1018, 163, 15, '14:06'),
(1019, 163, 19, '15:16'),
(1020, 164, 2, '15:12'),
(1021, 164, 10, '14:58'),
(1022, 164, 15, '14:04'),
(1023, 164, 17, '13:11'),
(1024, 164, 19, '14:47'),
(1025, 165, 2, '15:07'),
(1026, 165, 15, '14:13'),
(1027, 165, 16, '15:03'),
(1028, 165, 17, '13:06'),
(1029, 165, 18, '16:00'),
(1030, 166, 1, '14:03'),
(1031, 166, 10, '15:22'),
(1032, 166, 12, '13:19'),
(1033, 166, 16, '15:47'),
(1034, 166, 17, '14:16'),
(1035, 166, 18, '16:40'),
(1036, 167, 1, '14:32'),
(1037, 167, 2, '15:26'),
(1038, 167, 12, '14:01'),
(1039, 167, 15, '14:32'),
(1040, 167, 16, '15:13'),
(1041, 167, 17, '13:34'),
(1042, 167, 18, '16:11'),
(1043, 168, 1, '15:15'),
(1044, 168, 2, '14:36'),
(1045, 168, 10, '14:38'),
(1046, 168, 12, '13:57'),
(1047, 168, 15, '14:11'),
(1048, 168, 16, '15:11'),
(1049, 168, 17, '13:28'),
(1050, 168, 19, '15:01'),
(1051, 169, 2, '14:57'),
(1052, 169, 10, '14:31'),
(1053, 169, 12, '13:06'),
(1054, 169, 15, '14:55'),
(1055, 169, 16, '15:17'),
(1056, 169, 17, '13:11'),
(1057, 169, 18, '17:16'),
(1058, 169, 19, '14:51'),
(1059, 170, 2, '15:10'),
(1060, 170, 12, '13:34'),
(1061, 170, 15, '14:50'),
(1062, 170, 16, '15:10'),
(1063, 170, 18, '16:46'),
(1064, 170, 19, '14:44'),
(1065, 171, 2, '15:30'),
(1066, 171, 10, '15:04'),
(1067, 171, 12, '13:49'),
(1068, 171, 17, '13:58'),
(1069, 171, 18, '16:08'),
(1070, 171, 19, '15:12'),
(1071, 172, 1, '14:03'),
(1072, 172, 2, '15:47'),
(1073, 172, 10, '15:30'),
(1074, 172, 12, '13:53'),
(1075, 172, 15, '14:19'),
(1076, 172, 16, '15:39'),
(1077, 172, 17, '13:45'),
(1078, 172, 18, '16:52'),
(1079, 172, 19, '15:24'),
(1080, 173, 1, '14:12'),
(1081, 173, 12, '13:24'),
(1082, 173, 15, '14:32'),
(1083, 173, 16, '15:43'),
(1084, 173, 17, '13:12'),
(1085, 173, 19, '15:40'),
(1086, 174, 1, '14:54'),
(1087, 174, 2, '15:27'),
(1088, 174, 10, '14:47'),
(1089, 174, 12, '14:05'),
(1090, 174, 15, '15:01'),
(1091, 174, 17, '13:54'),
(1092, 174, 18, '17:14'),
(1093, 174, 19, '14:33'),
(1094, 175, 1, '14:51'),
(1095, 175, 2, '15:58'),
(1096, 175, 10, '15:24'),
(1097, 175, 12, '13:50'),
(1098, 175, 15, '14:43'),
(1099, 175, 16, '15:18'),
(1100, 175, 17, '13:49'),
(1101, 175, 18, '16:33'),
(1102, 175, 19, '15:19'),
(1103, 176, 2, '14:43'),
(1104, 176, 10, '14:57'),
(1105, 176, 15, '14:56'),
(1106, 176, 17, '13:06'),
(1107, 176, 18, '16:14'),
(1108, 176, 19, '15:28'),
(1109, 177, 2, '14:35'),
(1110, 177, 10, '14:59'),
(1111, 177, 15, '14:23'),
(1112, 177, 16, '15:42'),
(1113, 177, 17, '13:11'),
(1114, 177, 18, '16:10'),
(1115, 178, 1, '14:58'),
(1116, 178, 10, '15:50'),
(1117, 178, 12, '14:28'),
(1118, 178, 16, '15:33'),
(1119, 178, 17, '13:26'),
(1120, 179, 1, '14:19'),
(1121, 179, 2, '14:49'),
(1122, 179, 10, '15:38'),
(1123, 179, 12, '13:32'),
(1124, 179, 15, '14:26'),
(1125, 179, 16, '15:49'),
(1126, 179, 17, '14:29'),
(1127, 179, 18, '16:22'),
(1128, 180, 1, '14:35'),
(1129, 180, 16, '15:25'),
(1130, 180, 18, '16:22'),
(1131, 181, 1, '14:45'),
(1132, 181, 2, '14:39'),
(1133, 181, 10, '14:49'),
(1134, 181, 12, '13:23'),
(1135, 181, 15, '15:05'),
(1136, 181, 16, '15:25'),
(1137, 181, 17, '13:40'),
(1138, 181, 18, '16:01'),
(1139, 182, 10, '15:00'),
(1140, 182, 15, '14:48'),
(1141, 182, 16, '15:16'),
(1142, 182, 18, '16:48'),
(1143, 182, 19, '14:46'),
(1144, 183, 2, '15:14'),
(1145, 183, 10, '15:33'),
(1146, 183, 12, '13:46'),
(1147, 183, 15, '14:02'),
(1148, 183, 16, '15:20'),
(1149, 183, 17, '13:06'),
(1150, 184, 2, '15:14'),
(1151, 184, 10, '15:25'),
(1152, 184, 12, '14:09'),
(1153, 184, 16, '15:55'),
(1154, 184, 18, '16:46'),
(1155, 184, 19, '15:11'),
(1156, 185, 1, '14:26'),
(1157, 185, 2, '15:22'),
(1158, 185, 10, '14:49'),
(1159, 185, 12, '13:02'),
(1160, 185, 15, '14:19'),
(1161, 185, 16, '15:02'),
(1162, 185, 17, '13:49'),
(1163, 185, 18, '17:18'),
(1164, 185, 19, '15:06'),
(1165, 186, 1, '15:05'),
(1166, 186, 2, '14:57'),
(1167, 186, 10, '15:16'),
(1168, 186, 12, '13:26'),
(1169, 186, 15, '14:14'),
(1170, 186, 17, '13:04'),
(1171, 186, 18, '16:59'),
(1172, 186, 19, '15:09'),
(1173, 187, 1, '14:17'),
(1174, 187, 2, '15:11'),
(1175, 187, 10, '15:09'),
(1176, 187, 12, '13:57'),
(1177, 187, 16, '16:13'),
(1178, 187, 17, '13:20'),
(1179, 187, 19, '15:04'),
(1180, 188, 1, '15:06'),
(1181, 188, 2, '14:51'),
(1182, 188, 12, '13:44'),
(1183, 188, 15, '14:59'),
(1184, 188, 16, '15:11'),
(1185, 188, 17, '13:28'),
(1186, 188, 18, '16:54'),
(1187, 188, 19, '15:43'),
(1188, 189, 1, '14:22'),
(1189, 189, 2, '14:46'),
(1190, 189, 12, '13:00'),
(1191, 189, 15, '14:39'),
(1192, 189, 16, '15:26'),
(1193, 189, 17, '13:00'),
(1194, 189, 18, '17:10'),
(1195, 190, 1, '14:43'),
(1196, 190, 2, '14:37'),
(1197, 190, 10, '15:10'),
(1198, 190, 15, '14:47'),
(1199, 190, 18, '16:07'),
(1200, 190, 19, '15:14');

-- --------------------------------------------------------

--
-- Tábla szerkezet ehhez a táblához `meccs`
--

CREATE TABLE `meccs` (
  `id` int(11) NOT NULL,
  `datum` varchar(255) NOT NULL,
  `kezdes` varchar(255) NOT NULL,
  `belepo` int(11) NOT NULL,
  `tipus` varchar(255) NOT NULL
) ENGINE=InnoDB DEFAULT CHARSET=utf8mb4 COLLATE=utf8mb4_general_ci;

--
-- TÁBLA KAPCSOLATAI `meccs`:
--

--
-- A tábla adatainak kiíratása `meccs`
--

INSERT INTO `meccs` (`id`, `datum`, `kezdes`, `belepo`, `tipus`) VALUES
(1, '2019-03-20', '15:30', 509, 'bajnoki'),
(2, '2019-04-20', '15:30', 1000, 'bajnoki'),
(10, '2018-09-22', '15:30', 500, 'bajnoki'),
(12, '2018-10-06', '14:00', 1000, 'bajnoki'),
(15, '2018-09-26', '15:00', 500, 'kupa'),
(16, '2019-05-04', '16:00', 500, 'bajnoki'),
(17, '2018-10-24', '14:00', 1000, 'kupa'),
(18, '2018-08-11', '17:00', 500, 'bajnoki'),
(19, '2019-04-06', '15:30', 500, 'bajnoki'),
(20, '2019-06-01', '16:00', 800, 'bajnoki'),
(21, '2019-06-15', '18:00', 600, 'barátságos'),
(22, '2019-07-10', '17:00', 300, 'kupa'),
(23, '2019-08-05', '16:30', 700, 'bajnoki'),
(24, '2019-09-01', '15:00', 400, 'barátságos'),
(25, '2019-09-14', '17:00', 500, 'bajnoki'),
(26, '2019-10-03', '16:00', 600, 'bajnoki'),
(27, '2019-10-19', '15:30', 500, 'bajnoki'),
(28, '2019-11-02', '13:00', 1000, 'kupa'),
(29, '2019-11-23', '14:30', 400, 'bajnoki'),
(30, '2019-12-07', '14:00', 700, 'bajnoki'),
(31, '2020-02-12', '13:30', 600, 'barátságos'),
(32, '2020-03-10', '15:00', 800, 'bajnoki'),
(33, '2020-04-18', '16:00', 900, 'bajnoki'),
(34, '2020-05-24', '17:00', 300, 'kupa'),
(35, '2020-06-14', '18:00', 400, 'bajnoki'),
(36, '2020-07-05', '16:30', 600, 'barátságos'),
(37, '2020-08-22', '14:00', 1000, 'kupa'),
(38, '2020-09-12', '15:30', 500, 'bajnoki'),
(39, '2020-10-03', '17:00', 800, 'bajnoki'),
(40, '2020-11-15', '16:00', 400, 'barátságos');

-- --------------------------------------------------------

--
-- Tábla szerkezet ehhez a táblához `nezo`
--

CREATE TABLE `nezo` (
  `id` int(11) NOT NULL,
  `nev` varchar(255) NOT NULL,
  `ferfi` int(11) NOT NULL,
  `berletes` int(11) NOT NULL,
  `berletes_boolean` bit(1) NOT NULL,
  `ferfi_boolean` bit(1) NOT NULL
) ENGINE=InnoDB DEFAULT CHARSET=utf8mb4 COLLATE=utf8mb4_general_ci;

--
-- TÁBLA KAPCSOLATAI `nezo`:
--

--
-- A tábla adatainak kiíratása `nezo`
--

INSERT INTO `nezo` (`id`, `nev`, `ferfi`, `berletes`, `berletes_boolean`, `ferfi_boolean`) VALUES
(1, 'Cigány János', -1, 0, b'0', b'0'),
(2, 'Kertész Bence', -1, -1, b'0', b'0'),
(3, 'Molnár Alex', -1, -1, b'0', b'0'),
(4, 'Bóka Nátán', -1, -1, b'0', b'0'),
(5, 'Réti Dániel', -1, -1, b'0', b'0'),
(6, 'Varga Zsolt', -1, 0, b'0', b'0'),
(7, 'Elek Miklós', -1, 0, b'0', b'0'),
(8, 'Balázs Domonkos', -1, 0, b'0', b'0'),
(9, 'Tóth Ákos', -1, -1, b'0', b'0'),
(10, 'Sári Péter', -1, 0, b'0', b'0'),
(11, 'Kiss Dorina', 0, -1, b'0', b'0'),
(12, 'Csuka Beáta', 0, 0, b'0', b'0'),
(13, 'Kun Tamás', -1, -1, b'0', b'0'),
(14, 'Zsolczai Balázs', -1, -1, b'0', b'0'),
(15, 'Bertók Dániel', -1, -1, b'0', b'0'),
(16, 'Fehér Orsolya', 0, -1, b'0', b'0'),
(17, 'Márton Hunor', -1, 0, b'0', b'0'),
(18, 'Vass András', -1, 0, b'0', b'0'),
(19, 'Szepes Edit', 0, 0, b'0', b'0'),
(20, 'Kónya Barbara', 0, 0, b'0', b'0'),
(21, 'Tóth Luca', 0, 0, b'0', b'0'),
(22, 'Benkő Tünde', 0, 0, b'0', b'0'),
(23, 'Oláh Soma', -1, 0, b'0', b'0'),
(24, 'Bajnai Krisztián', -1, 0, b'0', b'0'),
(25, 'Csáki Márton', -1, 0, b'0', b'0'),
(26, 'Deák István', -1, 0, b'0', b'0'),
(27, 'Török Róbert', -1, 0, b'0', b'0'),
(28, 'Bogdándi Dávid', -1, -1, b'0', b'0'),
(29, 'Szolga Ádám', -1, 0, b'0', b'0'),
(30, 'Molnár Márton', -1, -1, b'0', b'0'),
(31, 'Árva Ákos', -1, 0, b'0', b'0'),
(32, 'Schiss Bence', -1, -1, b'0', b'0'),
(33, 'Szűcs Kornél', -1, 0, b'0', b'0'),
(34, 'Barta Tamás', -1, 0, b'0', b'0'),
(35, 'Kincses Kristóf', -1, 0, b'0', b'0'),
(36, 'Meleg Dániel', -1, -1, b'0', b'0'),
(37, 'Kispál Péter', -1, 0, b'0', b'0'),
(38, 'Csonka József', -1, 0, b'0', b'0'),
(39, 'Janka Csanád', -1, 0, b'0', b'0'),
(40, 'Moldován Tamás', -1, 0, b'0', b'0'),
(41, 'Kovács Szilárd', -1, 0, b'0', b'0'),
(42, 'Papp Viola', 0, 0, b'0', b'0'),
(43, 'Csank János', -1, 0, b'0', b'0'),
(44, 'Szolnoki Martin', -1, 0, b'0', b'0'),
(45, 'Boldizsár Tas', -1, -1, b'0', b'0'),
(46, 'Péter Gábor', -1, -1, b'0', b'0'),
(47, 'Mészáros Réka', 0, 0, b'0', b'0'),
(48, 'Pásztor Nándor', -1, 0, b'0', b'0'),
(49, 'Hegyközi Martin', -1, 0, b'0', b'0'),
(50, 'Nagy Máté', -1, -1, b'0', b'0'),
(51, 'Lengyel Ádám', -1, 0, b'0', b'0'),
(52, 'Gyémánt Péter', -1, 0, b'0', b'0'),
(53, 'Kun Dániel', -1, 0, b'0', b'0'),
(54, 'Vlocskó Gábor', -1, 0, b'0', b'0'),
(55, 'Farkas Barnabás', -1, 0, b'0', b'0'),
(56, 'Vastag Tibor', -1, 0, b'0', b'0'),
(57, 'Pless Gergő', -1, 0, b'0', b'0'),
(58, 'Molnár Ádám', -1, 0, b'0', b'0'),
(59, 'Borbás Géza', -1, 0, b'0', b'0'),
(60, 'Kisteleki Igor', -1, 0, b'0', b'0'),
(61, 'Bodó Bence', -1, -1, b'0', b'0'),
(62, 'Nagy Balázs', -1, -1, b'0', b'0'),
(63, 'Berti Gergely', -1, 0, b'0', b'0'),
(64, 'Sebők Dániel', -1, 0, b'0', b'0'),
(65, 'Máté Martin', -1, 0, b'0', b'0'),
(66, 'Kovács Norbert', -1, 0, b'0', b'0'),
(67, 'Motyovszki Márk', -1, 0, b'0', b'0'),
(68, 'Gyapjas László', -1, -1, b'0', b'0'),
(69, 'Varga Melitta', 0, 0, b'0', b'0'),
(70, 'Csala Ádám', -1, 0, b'0', b'0'),
(71, 'Peregi Petra', 0, 0, b'0', b'0'),
(72, 'Lajkó Réka', 0, 0, b'0', b'0'),
(73, 'Gyimóth Patrik', -1, 0, b'0', b'0'),
(74, 'Horváth Ferenc', -1, 0, b'0', b'0'),
(75, 'Juhász Viktor', -1, -1, b'0', b'0'),
(76, 'Mészáros Réka', 0, 0, b'0', b'0'),
(77, 'Hegedű Fanni', 0, 0, b'0', b'0'),
(78, 'Kárpáti Ádám', -1, 0, b'0', b'0'),
(79, 'Pataki Gábor', -1, 0, b'0', b'0'),
(80, 'Tombácz Miklós', -1, 0, b'0', b'0'),
(81, 'Nyári Péter', -1, 0, b'0', b'0'),
(82, 'Kis Beáta', 0, 0, b'0', b'0'),
(83, 'Pék Roland', -1, 0, b'0', b'0'),
(84, 'Bodza Tamás', -1, 0, b'0', b'0'),
(85, 'Takács Márkó', -1, -1, b'0', b'0'),
(86, 'Kiss Márton', -1, 0, b'0', b'0'),
(87, 'Nagy Petra', 0, -1, b'0', b'0'),
(88, 'Kertész András', -1, 0, b'0', b'0'),
(89, 'Gárgyán Patrik', -1, 0, b'0', b'0'),
(90, 'Kamarás Attila', -1, 0, b'0', b'0'),
(91, 'Nyilas Ákos', -1, 0, b'0', b'0'),
(92, 'Balassa Viktor', -1, 0, b'0', b'0'),
(93, 'Koncz Béla', -1, 0, b'0', b'0'),
(94, 'Helle Ágnes', 0, 0, b'0', b'0'),
(95, 'Sári Zsófia', 0, 0, b'0', b'0'),
(96, 'Boldog Dániel', -1, 0, b'0', b'0'),
(97, 'Kovács Bence', -1, 0, b'0', b'0'),
(98, 'Illés László', -1, 0, b'0', b'0'),
(99, 'Reszegi Béla', -1, 0, b'0', b'0'),
(100, 'Hajdú Zília', 0, 0, b'0', b'0'),
(101, 'Nagy Ákos', -1, 0, b'0', b'0'),
(102, 'Juhász Ákos', -1, -1, b'0', b'0'),
(103, 'Bitó Bálint', -1, 0, b'0', b'0'),
(104, 'Pannonhalmi Martin', -1, -1, b'0', b'0'),
(105, 'Kónya Patrik', -1, 0, b'0', b'0'),
(106, 'Nagy Zsombor', -1, -1, b'0', b'0'),
(107, 'Lenkei Tamás', -1, 0, b'0', b'0'),
(108, 'Iván Gedeon', -1, 0, b'0', b'0'),
(109, 'Dancs György', -1, 0, b'0', b'0'),
(110, 'Kondász Ferenc', -1, 0, b'0', b'0'),
(111, 'Kiss Dóra', 0, 0, b'0', b'0'),
(112, 'Lukács Tamás', -1, -1, b'0', b'0'),
(113, 'Szalai Máté', -1, 0, b'0', b'0'),
(114, 'Jak Balázs', -1, -1, b'0', b'0'),
(115, 'Jónás László', -1, 0, b'0', b'0'),
(116, 'Fröhlich Zsombor', -1, 0, b'0', b'0'),
(117, 'Árpás Soma', -1, 0, b'0', b'0'),
(118, 'Tomka Máté', -1, -1, b'0', b'0'),
(119, 'Kertész Szilvia', 0, 0, b'0', b'0'),
(120, 'Heller Szabolcs', -1, 0, b'0', b'0'),
(121, 'Vőneki Milán', -1, 0, b'0', b'0'),
(122, 'Varga Boldizsár', -1, 0, b'0', b'0'),
(123, 'Földesi Tamás', -1, 0, b'0', b'0'),
(124, 'Vezsi Attila', -1, -1, b'0', b'0'),
(125, 'Móricz Zsolt', -1, 0, b'0', b'0'),
(126, 'Fekete István', -1, 0, b'0', b'0'),
(127, 'Sárközi Dávid', -1, 0, b'0', b'0'),
(128, 'Pintér Kálmán', -1, 0, b'0', b'0'),
(129, 'Tornyi Ágnes', 0, 0, b'0', b'0'),
(130, 'Mikó Viktor', -1, 0, b'0', b'0'),
(131, 'Bódis Róbert', -1, -1, b'0', b'0'),
(132, 'Erdei Máté', -1, 0, b'0', b'0'),
(133, 'Zelenka Gábor', -1, 0, b'0', b'0'),
(134, 'Fazekas Gabriella', 0, 0, b'0', b'0'),
(135, 'Tóth Richárd', -1, 0, b'0', b'0'),
(136, 'György Antal', -1, 0, b'0', b'0'),
(137, 'Sándor Nóra', 0, 0, b'0', b'0'),
(138, 'Barta Mária', 0, 0, b'0', b'0'),
(139, 'Czirják Tibor', -1, -1, b'0', b'0'),
(140, 'Hódos Gergő', -1, 0, b'0', b'0'),
(141, 'Németh László', -1, 0, b'0', b'0'),
(142, 'Varga Krisztina', 0, 0, b'0', b'0'),
(143, 'Gősi János', -1, 0, b'0', b'0'),
(144, 'Keresztes Bálint', -1, 0, b'0', b'0'),
(145, 'György Gábor', -1, 0, b'0', b'0'),
(146, 'Körmendi Ildikó', 0, 0, b'0', b'0'),
(147, 'Farkas Zoltán', -1, 0, b'0', b'0'),
(148, 'Harsányi András', -1, 0, b'0', b'0'),
(149, 'Szekeres Péter', -1, 0, b'0', b'0'),
(150, 'Papp Zsófia', 0, 0, b'0', b'0'),
(151, 'Szilágyi Júlia', 0, 0, b'0', b'0'),
(152, 'Jakab Péter', -1, 0, b'0', b'0'),
(153, 'Sárközi Gábor', -1, 0, b'0', b'0'),
(154, 'Bakó Attila', -1, 0, b'0', b'0'),
(155, 'Főnix László', -1, 0, b'0', b'0'),
(156, 'Farkas Valéria', 0, 0, b'0', b'0'),
(157, 'Jakab László', -1, -1, b'0', b'0'),
(158, 'Zánkai Kristóf', -1, 0, b'0', b'0'),
(159, 'Sárközi Ágnes', 0, 0, b'0', b'0'),
(160, 'Németh Gabriella', 0, 0, b'0', b'0'),
(161, 'Béres Gábor', -1, 0, b'0', b'0'),
(162, 'Bagi László', -1, 0, b'0', b'0'),
(163, 'Kovács Renátó', -1, 0, b'0', b'0'),
(164, 'Barcza Alíz', 0, 0, b'0', b'0'),
(165, 'Szilágyi Ferenc', -1, 0, b'0', b'0'),
(166, 'Szilvási Anna', 0, 0, b'0', b'0'),
(167, 'Bartha Gábor', -1, 0, b'0', b'0'),
(168, 'Pázmány Zoltán', -1, 0, b'0', b'0'),
(169, 'Németh Gábor', -1, 0, b'0', b'0'),
(170, 'Varga Pál', -1, 0, b'0', b'0'),
(171, 'Sipos András', -1, 0, b'0', b'0'),
(172, 'Sipos Katalin', 0, 0, b'0', b'0'),
(173, 'Boros Péter', -1, 0, b'0', b'0'),
(174, 'Bányai Klára', 0, 0, b'0', b'0'),
(175, 'Pálfy Máté', -1, 0, b'0', b'0'),
(176, 'Juhász Eszter', 0, 0, b'0', b'0'),
(177, 'Szőke Ádám', -1, 0, b'0', b'0'),
(178, 'Horváth Katalin', 0, 0, b'0', b'0'),
(179, 'Németh Zoltán', -1, 0, b'0', b'0'),
(180, 'Fekete Zsuzsanna', 0, 0, b'0', b'0'),
(181, 'Tóth Ferenc', -1, 0, b'0', b'0'),
(182, 'Kovács Flóra', 0, 0, b'0', b'0'),
(183, 'Zoltán László', -1, 0, b'0', b'0'),
(184, 'Bódy Mónika', 0, 0, b'0', b'0'),
(185, 'Rózsa István', -1, 0, b'0', b'0'),
(186, 'Rácz Bálint', -1, 0, b'0', b'0'),
(187, 'Kovács Ágnes', 0, 0, b'0', b'0'),
(188, 'Császár Emil', -1, 0, b'0', b'0'),
(189, 'Mórocz Károly', -1, 0, b'0', b'0'),
(190, 'Tóth Réka', 0, 0, b'0', b'0');

-- --------------------------------------------------------

--
-- Tábla szerkezet ehhez a táblához `user`
--

CREATE TABLE `user` (
  `id` bigint(20) NOT NULL,
  `password` varchar(255) DEFAULT NULL,
  `role` varchar(255) DEFAULT NULL,
  `username` varchar(255) DEFAULT NULL,
  `security_code` varchar(255) DEFAULT NULL
) ENGINE=InnoDB DEFAULT CHARSET=utf8mb4 COLLATE=utf8mb4_general_ci;

--
-- TÁBLA KAPCSOLATAI `user`:
--

--
-- A tábla adatainak kiíratása `user`
--

INSERT INTO `user` (`id`, `password`, `role`, `username`, `security_code`) VALUES
(2, '$2a$10$bW8SfpDfDXA2powf/yg2Curbt/21KzNJhftry3nhCio8Gh4Z30rrq', 'USER', '1', ''),
(3, '$2a$10$uYGBDMhLxRVQ2aoMsCdbquPMQ85tJIoyh4MvWDCdffTgKrIOTkCzW', 'ADMIN', 'KaszVik', 'admin_honey_role');

--
-- Indexek a kiírt táblákhoz
--

--
-- A tábla indexei `belepes`
--
ALTER TABLE `belepes`
  ADD PRIMARY KEY (`id`),
  ADD KEY `nezozd` (`nezoid`,`meccsid`),
  ADD KEY `belepes_meccs_fk` (`meccsid`);

--
-- A tábla indexei `meccs`
--
ALTER TABLE `meccs`
  ADD PRIMARY KEY (`id`);

--
-- A tábla indexei `nezo`
--
ALTER TABLE `nezo`
  ADD PRIMARY KEY (`id`);

--
-- A tábla indexei `user`
--
ALTER TABLE `user`
  ADD PRIMARY KEY (`id`);

--
-- A kiírt táblák AUTO_INCREMENT értéke
--

--
-- AUTO_INCREMENT a táblához `belepes`
--
ALTER TABLE `belepes`
  MODIFY `id` bigint(255) NOT NULL AUTO_INCREMENT, AUTO_INCREMENT=1201;

--
-- AUTO_INCREMENT a táblához `meccs`
--
ALTER TABLE `meccs`
  MODIFY `id` int(11) NOT NULL AUTO_INCREMENT, AUTO_INCREMENT=41;

--
-- AUTO_INCREMENT a táblához `nezo`
--
ALTER TABLE `nezo`
  MODIFY `id` int(11) NOT NULL AUTO_INCREMENT, AUTO_INCREMENT=191;

--
-- AUTO_INCREMENT a táblához `user`
--
ALTER TABLE `user`
  MODIFY `id` bigint(20) NOT NULL AUTO_INCREMENT, AUTO_INCREMENT=4;

--
-- Megkötések a kiírt táblákhoz
--

--
-- Megkötések a táblához `belepes`
--
ALTER TABLE `belepes`
  ADD CONSTRAINT `belepes_ibfk_1` FOREIGN KEY (`nezoid`) REFERENCES `nezo` (`id`),
  ADD CONSTRAINT `belepes_meccs_fk` FOREIGN KEY (`meccsid`) REFERENCES `meccs` (`id`) ON DELETE CASCADE;
COMMIT;

/*!40101 SET CHARACTER_SET_CLIENT=@OLD_CHARACTER_SET_CLIENT */;
/*!40101 SET CHARACTER_SET_RESULTS=@OLD_CHARACTER_SET_RESULTS */;
/*!40101 SET COLLATION_CONNECTION=@OLD_COLLATION_CONNECTION */;
